{
  "assetsByChunkName": {
    "vendors~app-account~app-confirmation~app-order": "chunk.a8fbd34511cae113cfa6.js",
    "vendors~app-account~app-checkout": "chunk.f61d1fa415d0e7bbeba7.js",
    "vendors~app-cart~app-checkout": "chunk.51f964238fcc92d965e9.js",
    "admin": [
      "admin.ba616c449adafe610ea2.js",
      "admin.ba616c449adafe610ea2.js.map"
    ],
    "app-account": "chunk.40b2e59bb07dafb5b394.js",
    "app-checkout": "chunk.f04724f18daae95fcf4b.js",
    "app-confirmation": "chunk.9ac98eb718e2c214dbe2.js",
    "checkout": [
      "checkout.672d005416409312b0be.js",
      "checkout.672d005416409312b0be.js.map"
    ],
    "storefront": [
      "storefront.8d5a9395e9bc3b90c39e.css",
      "storefront.040fdcec3bcef2bf095d.js",
      "storefront.8d5a9395e9bc3b90c39e.css.map",
      "storefront.040fdcec3bcef2bf095d.js.map"
    ],
    "vendors~app-cart": "chunk.66ee6a7fc6109607cf10.js",
    "vendors~app-order": "chunk.ece976715945cdf99f10.js"
  }
}