{
  "marketing_stripe": {
    "text": "DESDE DE 2018 MAIS DE 8 MIL PEDIDOS ENVIADOS!",
    "link": "https://www.instagram.com/p/ClXBMroJgTP/",
    "background": "#675b5b",
    "color": "#faf21a"
  },
  "contacts_stripe": {
    "pages": [],
    "phone_wpp": true,
    "socials": true
  },
  "categories_list": {
    "featured": [],
    "random": 0,
    "full_width": false
  },
  "desktop_megamenu": false,
  "search_input": false,
  "alphabetical_order_submenu": true,
  "full_width_submenu": false
}