{
  "meta_title": "Lista de fornecedores",
  "meta_description": "Em busca da melhor lista de fornecedores de relógio? Venha aqui e adquira a sua",
  "sections": [
    {
      "type": "page-title",
      "title": "Melhor lista de fornecedores",
      "description": ""
    },
    {
      "type": "banners-grid",
      "banners": [
        {
          "img": "/img/uploads/img_7908.jpg",
          "link": "https://pay.kiwify.com.br/jvlld83"
        },
        {
          "img": "/img/uploads/img_7907.jpg",
          "link": "https://pay.kiwify.com.br/dbSfHB9"
        }
      ]
    }
  ]
}